item,family,half,gold_nodes,none_passed,bm25_passed,baseline_passed,oracle_passed,none_runs,bm25_runs,baseline_runs,oracle_runs,bm25_gold_admitted,baseline_gold_admitted
decision-1,decision,held in,1,0,3,3,3,3,3,3,3,0 0 0,1 1 1
decision-2,decision,held in,1,0,0,3,3,2,3,3,3,0 0 0,0 0 0
decision-3,decision,held out,1,1,1,1,1,1,1,1,1,1,1
decision-4,decision,held out,1,0,1,1,1,1,1,1,1,0,1
distractor-1,distractor,held in,1,0,1,3,3,3,3,3,3,1 1 1,1 1 1
distractor-2,distractor,held in,1,0,3,3,3,3,3,3,3,1 1 1,1 1 1
distractor-3,distractor,held out,1,0,1,1,1,1,1,1,1,1,1
distractor-4,distractor,held out,1,0,1,1,1,1,1,1,1,1,1
episode-1,episode,held in,2,0,0,3,3,3,3,3,3,1 1 1,1 1 1
episode-2,episode,held in,1,1,3,3,2,2,3,3,2,1 1 1,1 1 1
episode-3,episode,held out,1,0,1,1,1,1,1,1,1,1,1
episode-4,episode,held out,2,1,1,1,1,1,1,1,1,1,1
fact-1,fact,held in,1,0,0,3,3,3,2,3,3,0 0 0,1 1 1
fact-2,fact,held in,1,0,3,3,3,3,3,3,3,1 1 0,1 1 1
fact-3,fact,held out,1,0,1,1,1,1,1,1,1,1,1
fact-4,fact,held out,1,0,1,1,1,1,1,1,1,1,1
injection-2,injection,held in,1,3,3,3,3,3,3,3,3,1 1 1,1 1 1
injection-3,injection,held out,1,0,0,0,1,1,1,1,1,0,0
injection-4,injection,held out,1,0,1,1,1,1,1,1,1,1,1
injection-5,injection,held in,1,0,3,3,3,3,3,3,3,1 1 1,1 1 1
needs-nothing-1,needs_nothing,held in,0,3,3,3,3,3,3,3,3,0 0 0,0 0 0
needs-nothing-2,needs_nothing,held in,0,3,3,3,3,3,3,3,3,0 0 0,0 0 0
needs-nothing-4,needs_nothing,held out,0,1,1,1,1,1,1,1,1,0,0
needs-nothing-5,needs_nothing,held out,0,1,1,1,1,1,1,1,1,0,0
paraphrase-1,paraphrase,held in,1,0,0,3,2,3,3,3,3,0 0 0,1 1 1
paraphrase-2,paraphrase,held in,1,0,0,3,3,3,3,3,3,0 0 0,1 1 1
paraphrase-3,paraphrase,held in,1,0,0,3,3,3,3,3,3,0 0 0,1 1 1
paraphrase-4,paraphrase,held in,1,0,0,0,3,3,3,3,3,0 0 0,0 0 0
paraphrase-5,paraphrase,held out,1,0,0,1,1,1,1,1,1,0,1
paraphrase-6,paraphrase,held out,1,0,0,1,1,1,1,1,1,0,1
paraphrase-7,paraphrase,held out,1,0,0,0,1,1,1,1,1,0,0
paraphrase-8,paraphrase,held out,1,0,0,1,1,1,1,1,1,0,1
preference-1,preference,held in,1,3,3,3,3,3,3,3,3,1 1 1,1 1 1
preference-2,preference,held in,1,0,0,3,3,3,3,3,3,0 0 0,1 1 1
preference-3,preference,held out,1,0,1,0,1,1,1,1,1,1,0
preference-4,preference,held out,1,0,0,0,1,1,1,1,1,0,0
private-1,private,held in,1,0,0,0,3,3,3,3,3,1 1 1,1 1 1
private-2,private,held in,1,0,1,3,3,3,3,3,3,0 1 0,1 1 1
private-3,private,held out,1,0,1,1,1,1,1,1,1,1,1
private-4,private,held out,1,0,0,0,1,1,1,1,1,1,1
procedure-1,procedure,held in,1,3,3,3,3,3,3,3,3,1 1 1,1 1 1
procedure-2,procedure,held in,1,0,3,3,3,3,3,3,3,1 1 1,1 1 1
procedure-3,procedure,held out,1,1,1,1,1,1,1,1,1,1,1
procedure-4,procedure,held out,1,0,1,1,1,1,1,1,1,1,1
scale-1,scale,held in,1,0,3,1,3,3,3,3,3,1 1 1,0 0 1
scale-2,scale,held in,1,0,0,3,3,3,3,3,3,0 0 0,1 1 1
scale-3,scale,held in,1,0,0,0,2,3,3,3,2,0 0 0,0 0 0
scale-4,scale,held in,1,0,0,0,3,3,3,3,3,0 0 0,0 0 0
scale-5,scale,held out,1,0,0,1,1,1,1,1,1,0,1
scale-6,scale,held out,1,0,0,1,1,1,1,1,1,0,1
scale-7,scale,held out,1,0,0,0,1,1,1,1,1,0,0
scale-8,scale,held out,1,0,0,0,1,1,1,1,1,0,0
superseded-1,superseded,held in,2,0,1,3,3,3,3,3,3,2 1 1,2 2 2
superseded-2,superseded,held in,2,0,3,3,3,3,3,3,3,2 2 2,2 2 2
superseded-3,superseded,held out,2,0,1,1,1,1,1,1,1,2,2
superseded-4,superseded,held out,2,0,1,1,1,1,1,1,1,2,2
time-1,time,held in,1,0,0,0,3,3,3,3,3,0 0 0,0 0 0
time-2,time,held in,1,0,0,0,3,3,3,3,3,0 0 0,0 0 0
time-3,time,held in,1,0,0,0,3,3,3,3,3,0 0 0,0 0 0
time-4,time,held in,2,0,0,0,3,3,3,3,3,1 1 1,1 1 1
time-5,time,held out,1,0,0,0,1,1,1,1,1,0,0
time-6,time,held out,1,0,0,0,1,1,1,1,1,0,0
time-7,time,held out,1,0,0,0,1,1,1,1,1,0,0
time-8,time,held out,1,0,0,0,1,1,1,1,1,0,0
tool-output-1,tool_output,held in,1,0,0,2,3,3,3,3,3,0 0 0,1 0 1
tool-output-2,tool_output,held in,1,0,0,0,3,3,3,3,3,0 0 0,0 0 0
tool-output-3,tool_output,held in,1,0,3,3,3,3,3,3,3,1 1 1,1 1 1
tool-output-4,tool_output,held in,1,0,0,1,3,3,3,3,3,0 0 0,0 0 0
tool-output-5,tool_output,held out,1,0,0,0,1,1,1,1,1,0,0
tool-output-6,tool_output,held out,1,0,0,1,1,1,1,1,1,0,1
tool-output-7,tool_output,held out,1,0,1,1,1,1,1,1,1,1,1
tool-output-8,tool_output,held out,1,0,0,0,1,1,1,1,1,0,0
