time,commit,outcome,runs,load1_first,cold_p50,cold_p95,vault_p50,vault_p95,shutdown_p50,shutdown_p95,inflight_p50,inflight_p95,kill_p50,kill_p95,swap_p50,swap_p95,restore_p50,restore_p95,seed_p50,seed_p95,cancel_p50,cancel_p95,over_first,over_final,turn_plain_p50,turn_plain_p95,turn_tool_p50,turn_tool_p95,frames_plain,frames_tool
2026-10-01T11:50:11-07:00,adbeda4,pass,1,7.69,21.9,26.9,21.9,28.9,42.1,52.2,,,39.8,53.6,55.7,65.7,105.1,121.8,,,,,,,,,,,,
2026-10-01T11:51:50-07:00,bfc3739,pass,1,4.74,22.2,24.6,22.2,23.0,43.8,50.6,,,39.3,40.6,56.3,69.2,104.3,106.3,,,,,,,,,,,,
2026-10-01T11:55:00-07:00,b241770,pass,1,3.99,22.0,24.5,21.6,22.9,48.4,69.9,,,39.5,41.4,54.3,70.0,106.4,149.0,,,,,,,,,,,,
2026-10-01T12:23:09-07:00,b241770,pass,1,9.13,23.9,31.6,22.6,25.4,43.5,57.4,,,39.2,50.1,59.2,92.7,114.3,173.3,,,,,,,,,,,,
2026-10-01T12:37:59-07:00,f2ce5c6,pass,1,7.8,21.1,25.6,21.4,32.8,42.9,52.4,,,39.5,49.8,54.3,68.0,103.3,134.1,,,,,,,,,,,,
2026-10-01T12:47:05-07:00,f38bc3e,pass,1,6.91,20.9,22.0,20.6,33.6,40.9,50.4,,,37.7,39.3,55.6,97.4,110.3,116.3,,,,,,,,,,,,
2026-10-01T13:13:17-07:00,78521c1,pass,1,7.64,22.7,26.5,23.5,24.5,42.4,51.5,,,39.3,41.1,56.9,67.2,105.8,111.0,,,,,,,,,,,,
2026-10-01T13:23:11-07:00,d047483,failed,2,14.21,26.2,30.8,25.6,29.1,136.3,632.1,,,481.4,2257.1,846.7,1413.2,176.2,220.0,,,,,shutdown+kill+swap,cold+shutdown+kill,,,,,,
2026-10-01T13:30:59-07:00,2139b49,pass,1,10.65,21.9,27.5,24.7,39.9,42.3,50.2,,,38.7,52.4,61.5,73.2,126.3,243.3,,,,,,,,,,,,
2026-10-01T13:33:08-07:00,71698b0,pass,1,9.28,22.7,29.4,23.9,27.8,41.4,60.0,,,41.5,43.6,57.5,86.4,108.9,120.6,,,,,,,,,,,,
2026-10-01T13:34:35-07:00,abc8411,pass,3,8.35,41.2,46.4,21.7,36.7,37.5,50.5,,,38.9,46.2,55.6,68.8,103.2,168.9,,,,,,,,,,,,
2026-10-01T13:38:05-07:00,4961916,pass,1,4.15,20.4,23.0,20.5,22.3,55.3,63.9,,,59.1,126.5,67.0,87.1,103.5,116.2,,,,,,,,,,,,
2026-10-01T13:42:00-07:00,b6be80d,pass,1,6.12,19.7,21.9,22.2,28.9,46.6,57.9,,,43.0,47.5,64.5,75.7,117.5,132.3,,,,,,,,,,,,
2026-10-01T13:52:13-07:00,2ae535d,pass,1,4.19,20.3,27.9,21.0,22.5,40.2,50.6,,,38.8,76.8,56.1,94.4,107.0,157.1,,,,,,,,,,,,
2026-10-01T14:06:50-07:00,2ae535d,pass,1,6.47,20.7,23.4,21.3,29.0,41.6,50.5,,,38.9,46.6,56.5,70.2,105.1,124.7,,,,,,,,,,,,
2026-10-01T14:20:55-07:00,5522f85,pass,1,4.49,20.1,22.2,20.2,22.0,38.5,53.3,,,39.2,45.4,89.6,131.1,116.2,250.8,,,,,,,,,,,,
2026-10-01T14:31:48-07:00,b3b1ae1,pass,1,8.17,21.4,27.0,20.7,21.5,38.3,48.5,,,39.2,48.9,53.6,65.6,104.7,112.6,,,,,,,,,,,,
2026-10-01T14:57:31-07:00,e6992a8,pass,1,7.46,22.7,24.6,22.6,23.8,38.7,49.2,,,37.8,39.4,54.5,67.4,100.7,114.0,,,,,,,,,,,,
2026-10-01T15:10:27-07:00,0dcceed,pass,1,7.16,20.9,22.4,21.8,25.5,37.8,59.2,,,39.2,49.1,54.9,69.7,100.8,115.9,,,,,,,,,,,,
2026-10-01T15:15:33-07:00,d6609a3,pass,1,8.01,22.4,29.7,21.5,21.8,46.1,73.0,,,41.7,50.0,57.9,76.4,106.7,120.3,,,,,,,,,,,,
2026-10-01T15:26:45-07:00,d59d990,pass,1,16.39,25.7,53.7,40.5,53.3,75.4,95.5,,,79.1,97.9,103.5,145.4,232.9,266.4,,,,,,,,,,,,
2026-10-01T15:35:12-07:00,042ff07,pass,1,11.57,27.2,29.5,25.8,32.0,42.4,56.2,,,46.7,52.6,60.9,142.3,116.3,129.5,,,,,,,,,,,,
2026-10-01T15:46:58-07:00,d2027ff,pass,1,13.09,25.1,28.5,25.5,34.5,49.8,86.0,,,47.1,62.6,76.5,115.8,114.0,123.1,,,,,,,,,,,,
2026-10-01T16:03:33-07:00,d2027ff,pass,1,17.96,23.8,28.1,23.5,41.5,39.9,84.4,,,41.0,45.0,57.3,79.5,109.9,132.9,,,,,,,,,,,,
2026-10-01T16:17:07-07:00,70bc0b4,pass,1,19.35,24.2,43.8,39.2,50.2,55.9,81.1,,,43.0,47.2,71.5,102.7,146.5,179.6,,,,,,,,,,,,
2026-10-01T16:23:54-07:00,cf015ef,pass,1,10.25,20.6,24.5,21.5,25.8,47.2,57.8,,,37.9,38.7,55.5,68.9,105.2,140.9,,,,,,,,,,,,
2026-10-01T16:35:58-07:00,aebd530,rerun,2,10.86,23.1,28.0,22.2,23.1,57.2,79.0,,,62.4,78.8,83.1,247.6,115.0,203.1,,,,,swap,,,,,,,
2026-10-01T16:39:28-07:00,154f280,rerun,2,17.6,36.3,68.9,27.2,38.4,53.5,79.3,,,74.2,93.7,85.2,107.6,157.0,422.8,,,,,cold,,,,,,,
2026-10-01T16:48:49-07:00,e3e3e58,pass,1,8.79,22.6,48.6,23.0,48.7,45.9,52.2,,,64.0,78.9,88.1,118.5,168.2,189.4,,,,,,,,,,,,
2026-10-01T17:34:21-07:00,1fcb990,pass,1,3.74,20.2,24.2,20.6,23.0,42.0,49.9,,,36.7,38.1,56.5,67.6,101.4,120.2,,,,,,,,,,,,
2026-10-01T18:08:17-07:00,d9944e7,pass,1,5.98,19.9,22.9,21.3,30.3,41.8,53.1,,,37.8,40.7,59.4,66.6,100.1,109.0,0.5,0.6,,,,,,,,,,
2026-10-01T18:30:58-07:00,d14248f,pass,1,5.4,19.1,19.9,20.0,26.2,42.1,44.5,,,38.8,43.0,57.6,78.1,108.2,116.5,0.5,0.5,,,,,,,,,,
2026-10-01T18:46:43-07:00,f26c8dd,pass,1,3.77,20.2,21.2,20.5,30.0,42.3,49.2,,,37.6,49.8,55.1,67.7,99.2,101.6,0.5,0.6,,,,,,,,,,
2026-10-01T18:56:29-07:00,ed80fba,pass,1,3.79,20.6,27.3,21.1,25.2,43.2,52.5,,,37.7,41.2,57.9,71.8,105.6,129.9,0.5,0.8,,,,,,,,,,
2026-10-01T18:59:17-07:00,9558ba8,pass,1,4.63,20.9,33.2,20.5,22.8,42.6,59.2,,,38.1,42.3,57.1,67.7,103.3,111.3,0.5,0.6,,,,,,,,,,
2026-10-01T19:01:46-07:00,1970bc6,pass,1,5.25,20.5,35.5,20.8,26.8,37.5,49.0,,,36.3,45.7,55.6,73.8,99.3,101.4,0.5,0.7,,,,,,,,,,
2026-10-01T19:26:38-07:00,9cd7e36,pass,1,3.91,20.1,21.3,21.4,27.4,37.2,46.5,,,37.1,41.6,54.1,65.5,99.0,104.5,0.5,2.1,,,,,,,,,,
2026-10-01T19:40:25-07:00,7e0325f,pass,1,5.78,19.8,20.3,20.1,21.1,40.0,48.0,,,37.1,39.2,55.7,69.0,99.6,102.2,0.5,0.8,,,,,,,,,,
2026-10-01T19:52:14-07:00,458e5aa,pass,3,8.03,22.0,29.5,23.6,25.7,50.2,57.9,,,44.6,46.9,64.3,77.3,117.7,132.6,0.7,0.8,,,,,,,,,,
2026-10-01T20:00:43-07:00,a0f594f,pass,1,14.67,24.5,29.2,22.2,24.2,44.0,52.0,,,39.4,50.9,57.2,73.4,115.2,121.7,0.7,1.2,,,,,,,,,,
2026-10-01T20:03:13-07:00,9637142,pass,1,8.36,23.5,26.9,23.1,27.4,43.0,53.2,,,40.6,46.0,58.5,82.9,114.7,119.2,0.6,1.0,,,,,,,,,,
2026-10-01T20:38:03-07:00,9637142,rerun,2,15.11,24.8,34.7,23.5,25.6,48.3,66.4,,,47.1,390.2,63.5,85.1,140.4,189.4,0.8,1.3,,,kill,,,,,,,
2026-10-01T20:44:00-07:00,24f5b02,pass,1,14.67,22.4,45.5,35.6,46.4,50.7,78.5,,,41.7,49.0,72.3,124.5,117.9,175.7,0.7,7.1,,,,,,,,,,
2026-10-01T20:56:44-07:00,516bbfc,pass,1,9.14,23.1,31.9,21.5,40.1,42.2,50.5,,,38.7,41.2,55.3,67.3,114.5,179.3,0.6,1.6,,,,,,,,,,
2026-10-01T21:27:39-07:00,715bf80,failed,2,11.75,35.2,61.3,34.3,53.2,52.7,134.0,,,56.4,78.0,72.4,104.3,130.1,220.3,1.2,3.2,,,cold+shutdown,cold+vault,,,,,,
2026-10-01T21:29:57-07:00,715bf80,pass,1,8.13,23.1,25.3,23.9,33.3,45.4,53.4,,,41.2,48.2,58.8,86.3,108.7,135.7,0.6,0.9,,,,,,,,,,
2026-10-01T21:31:49-07:00,0f03769,pass,1,5.02,23.9,27.4,23.2,25.9,39.7,51.8,,,41.4,47.4,59.5,69.6,106.4,115.9,0.8,1.0,,,,,,,,,,
2026-10-01T21:36:38-07:00,22670d6,pass,1,6.23,23.0,24.1,23.4,24.7,41.0,55.0,,,41.0,44.9,57.7,71.0,107.8,120.8,0.7,1.1,,,,,,,,,,
2026-10-01T21:50:34-07:00,22670d6,pass,1,9.21,23.9,35.9,23.8,28.3,43.2,53.6,,,42.6,44.3,59.0,72.5,109.6,121.7,0.8,0.9,,,,,,,,,,
2026-10-01T22:44:00-07:00,4c60dc7,rerun,2,7.27,26.6,37.3,29.6,42.3,65.7,108.7,,,59.7,92.6,91.8,112.4,184.5,218.9,0.7,1.0,,,shutdown,,,,,,,
2026-10-01T22:52:04-07:00,f5cb680,pass,1,14.42,22.9,32.0,22.8,34.8,43.8,55.8,,,42.2,49.9,63.0,72.6,108.8,116.5,0.8,1.4,,,,,,,,,,
2026-10-01T23:15:18-07:00,b5df0d7,pass,1,11.66,27.2,28.9,26.6,31.2,40.6,53.0,,,43.5,62.0,77.6,99.3,144.7,212.5,1.1,1.6,,,,,,,,,,
2026-10-01T23:18:19-07:00,9ac009d,pass,1,10.62,25.3,29.8,25.6,32.4,44.0,54.8,,,45.3,59.9,61.8,75.2,126.9,193.9,0.8,1.2,,,,,,,,,,
2026-10-02T00:04:58-07:00,9ac009d,pass,1,15.0,22.7,25.5,22.0,31.9,41.6,61.9,,,38.3,42.0,53.6,66.3,103.4,119.0,0.7,1.0,,,,,,,,,,
2026-10-02T00:18:39-07:00,b658257,pass,1,8.82,20.2,22.6,20.8,22.2,41.6,49.6,,,37.3,39.2,56.3,66.7,100.1,112.1,0.5,0.6,,,,,,,,,,
2026-10-02T00:37:45-07:00,a653cc0,pass,1,5.8,21.0,24.3,21.2,30.7,43.6,60.8,,,39.5,45.1,57.5,69.6,108.4,113.2,0.5,0.7,,,,,,,,,,
2026-10-02T00:44:48-07:00,be0deba,pass,1,7.53,21.7,24.3,20.9,26.8,43.3,53.5,,,38.3,40.7,57.2,63.3,103.8,110.5,0.5,0.7,,,,,,,,,,
2026-10-02T01:03:57-07:00,7e2a89d,pass,1,9.47,20.5,25.0,21.6,38.6,42.6,53.3,,,37.8,40.0,56.0,68.4,105.6,139.8,0.5,0.7,,,,,,,,,,
2026-10-02T01:21:23-07:00,5a22ed0,pass,1,2.49,33.9,38.7,27.9,39.6,66.7,90.2,,,65.6,75.8,93.2,112.0,195.6,229.4,0.6,0.8,,,,,,,,,,
2026-10-02T07:37:49-07:00,4eb6db2,pass,1,5.93,21.1,24.5,20.3,22.2,40.8,50.1,,,36.8,37.9,54.9,75.5,106.0,118.4,0.6,0.9,,,,,,,,,,
2026-10-02T08:24:45-07:00,59a72b8,pass,1,11.61,20.6,28.1,22.3,23.7,43.9,56.9,,,39.8,48.3,61.1,76.6,110.1,122.1,0.6,0.7,,,,,,,,,,
2026-10-02T08:34:14-07:00,4ea47e1,pass,1,7.54,21.8,25.2,21.9,32.6,33.9,47.8,69.9,79.6,38.5,43.7,46.9,51.1,138.6,201.3,0.6,0.7,,,,,,,,,,
2026-10-02T08:37:12-07:00,699927d,pass,1,7.87,31.2,40.3,34.9,42.9,52.2,61.3,86.2,99.3,71.8,80.6,88.2,101.7,232.1,280.4,0.6,1.4,,,,,,,,,,
2026-10-02T09:41:53-07:00,34be7e2,pass,1,5.74,21.4,26.7,21.4,25.4,32.4,36.8,75.7,84.2,40.7,56.0,49.2,52.2,117.2,256.0,0.5,0.5,,,,,50.5,80.0,155.0,220.9,5,12
2026-10-02T09:56:58-07:00,32fd483,pass,1,8.4,21.5,24.6,21.3,30.2,29.1,33.1,68.0,72.7,36.7,52.5,46.3,52.6,116.6,126.2,0.5,1.4,,,,,57.3,68.1,161.3,197.5,5,12
2026-10-02T10:40:02-07:00,371725d,pass,1,7.06,20.8,26.7,22.5,30.0,30.2,38.4,68.6,74.9,40.1,54.8,47.2,55.8,124.5,150.6,0.5,1.0,,,,,51.6,74.5,218.2,240.3,5,12
2026-10-02T11:08:01-07:00,51a456f,pass,1,5.83,21.6,25.6,22.3,29.5,30.8,74.0,68.8,76.5,38.2,47.3,47.5,56.4,115.2,119.0,0.5,0.8,,,,,45.6,78.9,215.2,234.2,6,12
2026-10-02T11:15:22-07:00,3a4beff,pass,1,5.77,21.8,26.9,21.8,33.3,29.9,38.4,70.3,115.9,38.8,42.9,49.1,54.5,125.3,131.5,0.6,0.7,,,,,71.2,78.4,239.6,366.5,5,12
2026-10-02T11:47:57-07:00,85e5294,pass,1,6.33,23.5,29.0,22.5,29.8,52.6,70.4,74.0,82.9,38.7,57.5,49.9,53.0,117.9,125.8,0.6,0.8,,,,,67.3,79.3,223.8,250.4,5,12
2026-10-02T11:52:43-07:00,520b1bc,pass,1,5.53,21.2,24.9,21.4,27.4,26.5,30.4,74.3,81.2,35.6,115.7,42.5,102.4,115.5,123.3,0.5,0.7,,,,,68.4,73.0,212.5,236.3,5,12
2026-10-02T12:02:55-07:00,22b0877,pass,1,7.2,23.0,29.2,21.9,30.5,33.2,38.5,74.7,76.6,40.1,44.6,50.7,54.1,116.2,133.4,0.8,1.3,,,,,68.6,72.9,215.0,271.6,5,12
2026-10-02T12:13:09-07:00,5892683,pass,1,4.96,21.9,25.8,22.2,23.2,34.2,41.3,71.1,75.0,39.6,43.2,47.7,53.7,114.2,131.9,0.6,1.1,,,,,68.7,77.6,218.2,235.5,5,12
2026-10-02T12:15:40-07:00,517c900,pass,1,5.25,21.7,25.6,20.7,25.4,29.4,33.5,69.1,76.8,36.8,40.2,46.0,49.1,110.7,117.8,0.6,0.9,,,,,66.7,72.3,215.7,227.3,5,12
2026-10-02T12:56:23-07:00,517c900,pass,1,4.39,22.8,26.3,23.4,30.8,32.5,38.8,70.3,77.5,41.9,54.3,51.3,58.9,117.2,126.1,0.5,0.7,,,,,71.2,80.3,220.4,244.7,5,12
2026-10-02T13:03:34-07:00,93fbb6d,pass,1,4.87,23.2,28.6,21.9,30.5,31.9,35.9,70.3,86.3,42.8,50.4,51.2,61.5,115.5,129.0,0.7,1.1,,,,,68.3,74.5,227.2,268.5,5,12
2026-10-02T16:33:23-07:00,4fc7ddc,pass,1,6.92,26.5,30.0,25.9,29.6,30.4,64.4,75.8,77.8,39.7,42.7,48.0,165.7,124.8,143.0,0.7,1.5,,,,,72.3,77.8,247.2,267.8,5,12
2026-10-02T16:53:25-07:00,04a9fb3,pass,1,8.87,24.6,31.8,25.0,50.1,34.1,39.2,69.7,78.8,50.0,62.7,57.9,67.9,128.2,150.3,0.9,1.2,,,,,74.3,109.5,242.4,532.8,5,12
2026-10-02T18:32:59-07:00,1d33622,pass,1,7.8,29.6,39.8,26.4,31.4,31.3,38.8,73.4,91.8,44.2,52.3,50.0,57.1,138.6,146.7,0.9,1.9,,,,,74.6,90.3,248.3,286.7,5,12
2026-10-02T19:07:13-07:00,8b82da6,pass,1,9.07,24.2,30.5,23.8,27.2,33.8,38.6,75.8,80.0,45.2,51.8,51.4,52.4,125.0,144.2,0.8,1.3,,,,,68.6,74.0,239.0,260.0,5,12
2026-10-02T20:49:24-07:00,79f2d1d,rerun,2,6.38,32.6,69.8,29.1,37.6,35.0,42.4,78.1,83.4,48.5,60.7,62.0,101.7,135.0,163.6,0.9,2.1,,,cold,,72.5,82.2,232.0,264.6,5,12
2026-10-02T21:03:25-07:00,f79d52e,pass,1,6.98,24.9,29.5,25.4,33.1,35.7,55.8,78.9,81.0,46.2,53.8,54.7,61.2,136.1,144.8,0.9,1.2,,,,,69.9,78.1,230.5,301.2,5,12
2026-10-02T21:13:10-07:00,2224c5d,pass,2,8.33,25.3,31.0,26.3,32.2,33.3,37.9,71.3,77.4,44.1,55.7,53.1,58.5,127.5,133.7,0.9,1.2,,,,,73.5,83.3,243.6,313.6,5,12
2026-10-02T22:40:12-07:00,bfbe47b,pass,1,5.99,25.6,29.6,24.5,25.9,32.6,36.5,72.2,81.8,49.4,64.2,65.0,121.5,133.0,142.2,0.8,1.2,,,,,72.2,141.1,237.1,277.4,5,12
2026-10-02T23:09:05-07:00,b63b483,pass,1,5.25,21.8,34.9,20.7,24.3,29.9,38.6,68.3,74.9,37.8,42.0,47.3,56.0,110.0,114.1,0.5,1.0,,,,,64.7,80.5,214.0,238.0,5,12
2026-10-02T23:12:03-07:00,74a009b,pass,1,5.85,22.6,25.9,23.4,28.5,30.8,40.5,68.4,82.5,40.2,49.2,48.9,52.4,114.0,123.2,0.6,0.8,,,,,75.9,85.0,225.6,236.2,5,12
2026-10-02T23:28:08-07:00,54e4083,pass,1,7.84,22.5,26.8,22.9,26.6,30.9,40.0,69.2,79.2,39.0,40.7,47.8,65.4,113.0,124.5,0.6,0.8,,,,,66.5,111.6,224.5,249.8,5,12
2026-10-03T00:26:45-07:00,81f3dee,pass,1,6.53,22.7,27.0,22.0,22.6,30.7,35.5,80.0,93.5,39.1,50.1,48.0,52.2,115.9,124.4,0.6,0.9,,,,,65.3,69.4,221.2,239.0,5,12
2026-10-03T01:00:11-07:00,5526591,pass,1,6.78,24.6,34.6,22.8,32.6,32.8,43.4,70.1,74.7,38.5,39.5,50.8,62.6,111.5,117.0,0.6,1.4,,,,,66.3,78.7,218.4,245.9,5,12
2026-10-03T01:12:26-07:00,c641ae4,pass,1,5.51,21.4,24.7,21.8,31.5,30.7,35.6,69.6,76.2,38.3,46.7,47.3,49.9,109.4,143.9,0.5,0.7,,,,,65.0,74.4,227.4,240.5,5,12
2026-10-03T01:37:40-07:00,b642d96,pass,1,5.54,22.9,31.6,21.8,22.7,30.8,34.5,68.3,74.2,37.8,40.5,49.1,57.6,113.6,122.9,0.6,0.6,,,,,70.4,80.8,228.2,240.6,5,12
2026-10-03T01:41:17-07:00,883df95,pass,1,5.98,19.7,25.1,19.9,20.8,28.8,31.5,68.6,75.7,38.7,47.7,47.2,54.5,117.3,136.5,0.5,0.6,,,,,67.6,79.6,226.7,262.6,5,12
2026-10-03T01:52:22-07:00,a7c15cf,pass,1,6.57,22.1,28.8,22.0,22.9,29.2,33.8,74.0,75.8,38.9,51.3,48.0,50.7,110.0,122.3,0.5,0.8,,,,,,,,,,
2026-10-03T01:57:04-07:00,d337276,pass,1,8.22,22.0,25.4,22.0,23.5,29.8,36.0,73.8,75.3,38.8,39.1,46.3,49.1,111.4,116.9,0.5,0.6,,,,,63.2,70.6,208.1,237.9,5,12
2026-10-03T02:53:20-07:00,8067161,pass,1,5.77,20.9,24.3,21.3,30.7,28.7,38.1,73.7,75.8,37.9,42.9,45.6,52.9,108.5,122.6,0.5,0.9,,,,,64.9,71.7,217.4,265.3,5,12
2026-10-03T03:23:48-07:00,aa2e199,pass,1,6.47,21.5,27.2,21.4,23.4,31.3,35.6,70.3,77.0,38.0,40.0,47.8,58.5,110.1,115.7,0.5,1.1,,,,,69.1,74.8,215.1,235.8,5,12
2026-10-03T04:31:46-07:00,d85660e,pass,1,6.32,20.1,24.3,22.1,27.3,31.2,36.0,69.0,86.2,41.0,58.3,50.5,56.3,118.2,124.5,0.5,0.8,,,,,68.5,84.5,218.3,253.1,5,12
2026-10-03T13:03:34-07:00,53d32e0,pass,1,7.33,22.1,39.7,22.4,23.7,31.7,43.8,73.5,81.4,38.2,41.6,47.4,60.5,113.1,122.9,0.8,1.1,,,,,71.2,80.9,231.9,263.1,5,12
2026-10-03T13:22:38-07:00,4c74f75,pass,1,6.95,23.8,31.9,21.9,24.0,29.9,38.3,72.3,76.1,38.6,42.0,46.7,65.8,117.5,132.6,0.7,0.9,,,,,57.2,195.2,225.5,258.1,5,12
2026-10-03T13:30:53-07:00,d2fd4d9,pass,1,6.85,22.5,34.2,23.3,31.4,32.1,42.1,70.7,87.9,39.5,45.5,47.4,56.1,115.1,124.2,0.6,0.6,,,,,64.2,75.4,212.6,241.2,5,12
2026-10-03T13:37:23-07:00,1378382,pass,1,7.06,22.6,33.7,22.6,29.2,30.6,44.2,74.7,77.5,39.8,40.9,47.2,56.5,117.1,132.9,0.6,0.7,,,,,68.0,72.2,217.7,242.4,5,12
2026-10-03T13:44:02-07:00,57a3759,pass,1,6.46,21.9,26.4,21.9,23.9,30.7,34.8,69.0,75.4,37.9,48.3,46.1,48.0,112.8,139.4,0.5,0.6,,,,,69.1,76.8,227.6,235.1,5,12
2026-10-03T14:34:45-07:00,ad1e02f,pass,1,7.33,24.8,37.0,22.5,32.5,29.0,34.3,73.3,75.4,39.1,60.7,48.4,55.2,111.3,133.8,0.7,1.1,,,,,67.5,121.3,215.8,239.8,5,12
2026-10-03T15:14:36-07:00,7a31fba,pass,1,15.68,37.1,53.4,36.1,39.8,42.5,62.2,77.8,87.2,58.8,65.4,62.8,101.3,179.0,193.8,1.7,1.9,,,,,90.2,119.3,270.3,290.3,5,12
2026-10-03T15:27:41-07:00,dc3387f,rerun,2,29.54,64.1,86.5,64.0,107.4,44.2,654.7,96.3,200.9,80.7,116.0,93.2,328.4,232.1,282.1,3.0,9.6,,,cold+vault+shutdown+swap,,85.8,90.6,241.6,1058.1,5,12
2026-10-03T15:45:49-07:00,662e27c,rerun,2,13.56,26.6,39.6,26.2,36.2,37.3,118.8,75.7,89.9,53.4,116.7,53.5,65.0,125.8,182.8,0.8,1.8,,,shutdown,,67.3,75.0,228.1,255.8,5,12
2026-10-03T16:04:59-07:00,2633d3b,pass,1,9.87,26.4,28.9,25.4,34.5,33.7,54.1,69.7,81.0,83.1,127.9,119.8,144.1,123.0,131.6,0.8,1.1,,,,,71.8,83.1,239.8,252.9,5,12
2026-10-03T16:16:48-07:00,2285fea,pass,1,9.56,22.9,31.6,23.4,41.0,35.8,62.2,71.8,81.7,45.2,54.9,57.3,83.6,114.0,165.4,0.7,0.8,,,,,72.8,90.4,227.5,275.7,5,12
2026-10-03T16:27:17-07:00,f060021,pass,1,12.74,41.7,53.9,28.3,33.9,33.8,82.7,74.3,81.1,41.5,45.5,50.0,61.8,127.4,166.9,0.8,1.7,,,,,82.0,92.0,225.3,249.7,5,12
2026-10-03T16:30:56-07:00,777f1e2,pass,1,10.45,24.3,46.3,23.1,29.7,30.9,37.7,75.2,88.0,40.2,47.8,49.5,64.0,117.5,142.6,0.6,0.9,,,,,68.0,124.0,221.5,249.9,5,12
2026-10-03T16:55:28-07:00,fb612d9,pass,1,6.86,18.9,25.1,19.1,22.3,29.1,48.0,71.1,75.6,23.1,27.0,44.1,51.7,105.5,115.4,0.5,0.6,,,,,65.6,87.2,224.2,245.6,5,12
2026-10-03T17:07:16-07:00,1d11949,rerun,2,10.98,29.3,65.6,30.4,38.9,31.3,67.4,75.2,110.2,24.6,46.0,45.8,81.9,95.7,107.3,1.0,1.8,,,cold,,75.2,147.0,230.6,265.6,5,12
2026-10-03T17:21:04-07:00,d3b5793,failed,2,10.86,33.4,52.6,30.3,126.5,88.0,131.7,89.2,102.3,41.9,76.3,109.3,161.8,267.8,342.0,0.7,1.7,,,vault+shutdown,shutdown,,,,,,
2026-10-03T17:52:34-07:00,1abf099,pass,1,5.89,20.2,29.2,21.0,28.1,30.8,43.2,71.3,76.3,23.6,24.2,45.6,53.7,92.4,102.1,0.6,0.8,,,,,65.5,74.0,227.7,247.7,5,12
2026-10-03T18:47:55-07:00,d9b0931,rerun,2,6.14,26.6,30.5,20.3,33.6,55.6,169.6,81.9,202.0,28.2,48.2,49.6,56.5,102.0,158.6,0.6,0.8,,,shutdown,,68.6,92.1,231.1,260.8,5,12
2026-10-03T19:41:15-07:00,ea5dc9f,failed,2,4.54,28.6,39.5,33.6,38.3,49.4,133.0,80.9,113.0,35.6,46.8,79.7,2577.8,150.8,182.9,0.8,1.6,,,shutdown+swap,swap,,,,,,
2026-10-03T20:14:40-07:00,ea5dc9f,failed,2,10.69,31.4,37.0,29.8,38.2,48.7,70.7,76.5,93.0,33.0,44.4,94.5,468.2,108.0,191.3,1.6,9.4,,,swap,shutdown,71.7,103.3,231.7,279.1,5,12
2026-10-03T20:23:35-07:00,ea5dc9f,pass,1,2.59,20.0,29.1,20.2,26.2,32.5,57.3,71.0,84.6,25.0,28.4,46.5,51.1,95.0,106.9,0.7,1.1,,,,,66.0,77.1,236.8,258.9,5,12
2026-10-03T20:41:43-07:00,9fee6df,pass,1,4.4,20.4,21.9,20.4,23.2,31.2,41.6,75.0,79.5,25.0,35.5,102.8,114.0,95.6,106.1,0.4,0.7,,,,,72.7,94.4,235.9,256.7,5,12
2026-10-03T20:50:31-07:00,ae1b9ef,pass,1,4.54,26.4,32.4,25.3,31.1,51.8,72.4,84.4,94.4,32.2,40.1,71.7,92.6,159.3,186.1,0.4,0.7,,,,,74.3,97.3,182.0,235.0,5,9
2026-10-03T21:07:21-07:00,d54fd82,pass,1,3.21,22.0,27.7,23.4,36.2,31.9,43.2,76.7,80.5,25.4,26.8,50.7,58.2,97.6,109.6,0.5,0.8,,,,,66.8,72.8,170.6,197.0,5,9
2026-10-03T21:28:34-07:00,e4b6647,pass,1,5.86,21.1,23.2,20.9,29.0,31.1,50.7,75.0,79.9,24.8,38.4,48.1,107.8,91.0,98.3,0.5,0.6,,,,,67.5,74.1,159.4,225.3,5,9
2026-10-03T21:49:52-07:00,fe371af,pass,1,3.8,19.4,27.3,19.7,23.0,33.1,38.8,74.5,76.2,24.6,30.9,44.5,50.2,97.0,112.8,0.5,7.3,,,,,67.8,77.2,152.4,324.1,5,9
2026-10-03T22:15:55-07:00,f3564f2a,rerun,3,6.0,22.0,30.9,28.1,33.6,38.1,411.2,81.0,94.7,33.6,38.5,53.6,62.5,108.9,176.6,0.5,1.0,,,shutdown,,72.9,83.9,172.3,220.6,5,9
2026-10-03T22:24:03-07:00,ac65a381,pass,1,3.29,19.6,20.4,20.1,20.6,33.3,41.9,75.3,85.3,23.7,24.6,46.9,51.8,87.1,239.1,0.4,0.5,,,,,71.3,80.5,169.0,188.6,5,9
2026-10-03T22:52:55-07:00,93fbda9e,pass,1,2.98,19.5,27.6,22.2,23.6,33.0,39.5,74.4,87.9,23.5,27.6,46.1,49.3,93.7,102.3,0.4,0.6,,,,,67.5,77.7,162.9,175.6,5,9
2026-10-03T22:57:24-07:00,079f1dbf,rerun,2,3.15,18.6,19.4,20.2,26.8,36.3,327.6,75.0,80.6,24.3,26.5,46.8,54.5,96.5,169.9,0.4,0.5,,,shutdown,,65.5,74.1,162.6,174.6,5,9
2026-10-03T23:02:15-07:00,96d01dec,pass,1,3.78,19.9,27.3,25.0,31.2,29.9,40.1,76.3,82.1,24.1,30.5,47.1,54.9,92.2,100.3,0.4,6.7,,,,,63.4,76.3,158.6,165.1,5,9
2026-10-03T23:57:13-07:00,e55e63ba,rerun,2,8.39,29.3,125.0,28.9,38.3,41.2,62.3,81.6,392.9,26.1,35.6,53.0,88.0,114.6,141.2,0.5,1.1,,,cold,,94.4,106.0,198.5,209.7,5,9
2026-10-04T00:10:12-07:00,e369db7b,pass,1,4.26,21.7,23.2,22.1,25.6,36.2,41.2,76.2,77.8,25.6,27.8,48.5,51.3,105.5,112.6,0.5,0.6,,,,,74.7,82.2,169.6,177.8,5,9
2026-10-04T00:19:09-07:00,8e38ff74,pass,1,6.92,31.6,38.1,28.0,37.5,41.5,59.5,78.7,99.6,34.5,52.6,57.7,78.6,115.9,138.8,0.6,2.1,,,,,86.1,96.9,187.9,211.3,5,9
2026-10-04T00:28:14-07:00,1431fa7b,pass,1,7.56,22.9,24.9,23.7,27.7,34.6,41.9,76.9,98.4,28.1,33.6,51.9,140.2,115.7,136.3,0.5,6.4,,,,,81.3,91.8,202.3,221.1,5,9
2026-10-04T00:37:46-07:00,74945a6a,pass,1,6.17,20.5,23.0,20.6,22.6,31.1,59.2,76.4,79.2,24.6,25.8,48.6,53.4,114.9,141.6,0.5,7.4,,,,,,,,,,
2026-10-04T00:52:11-07:00,d953dd4c,pass,1,8.3,31.0,33.8,30.8,36.0,34.2,62.8,78.4,89.1,31.2,43.0,58.0,98.1,113.3,151.8,0.9,1.2,,,,,83.5,161.0,186.0,198.0,5,9
2026-10-04T00:58:28-07:00,f1fccecf,pass,1,10.28,26.3,31.4,27.6,30.0,59.8,69.3,83.2,91.7,31.8,41.3,73.5,88.1,154.1,174.8,0.6,0.9,,,,,79.8,89.8,177.5,185.7,5,9
2026-10-04T01:27:45-07:00,dd94bc6b,pass,1,7.58,20.8,27.3,21.3,25.8,35.5,48.8,79.0,91.1,24.4,26.6,51.5,70.7,106.4,144.7,0.6,0.7,,,,,77.2,96.8,172.5,187.5,5,9
2026-10-04T01:35:28-07:00,3add3f53,pass,1,5.03,20.8,24.3,22.0,25.1,33.9,53.3,73.6,79.9,27.2,31.2,49.0,53.3,120.5,132.6,0.5,0.6,,,,,66.4,178.9,171.3,193.5,5,9
2026-10-04T01:46:08-07:00,e457555d,pass,1,6.36,24.9,42.6,22.2,25.2,34.1,48.8,74.4,80.8,26.1,30.5,49.4,55.8,111.9,117.1,0.5,0.8,,,,,72.6,75.5,171.1,181.3,5,9
2026-10-04T02:01:25-07:00,ab54f037,pass,1,4.49,20.6,26.8,21.4,24.4,36.6,57.6,71.3,87.3,24.3,31.6,48.9,121.4,115.0,118.7,0.6,1.3,,,,,80.1,92.8,181.2,189.5,5,9
2026-10-04T02:08:21-07:00,4bb5aac9,rerun,3,5.1,25.2,630.7,31.2,984.0,36.7,67.6,76.4,212.7,25.7,29.3,50.9,68.1,132.2,365.9,0.5,89.6,,,cold+vault,,77.3,96.0,190.5,208.8,5,9
2026-10-04T02:19:09-07:00,60ab73ca,pass,1,4.77,22.7,29.4,21.5,34.0,34.5,67.7,73.9,83.0,26.5,32.8,47.2,55.5,110.4,120.9,0.5,0.8,,,,,79.0,87.6,178.5,185.7,5,9
2026-10-04T02:35:17-07:00,24a9fef6,pass,1,7.5,25.3,30.5,27.4,29.4,41.1,58.0,78.4,84.7,31.2,34.6,53.5,59.2,125.4,147.8,0.8,1.5,,,,,83.0,106.0,184.5,196.5,5,9
2026-10-04T02:40:18-07:00,9d1ab36a,pass,1,7.34,25.8,31.6,23.0,27.1,29.9,50.0,72.5,255.3,24.9,25.8,46.0,49.2,111.0,120.4,0.6,1.0,,,,,79.8,112.6,175.3,210.1,5,9
2026-10-04T02:58:25-07:00,760553f7,pass,1,6.2,23.6,31.1,22.6,24.1,33.4,61.6,75.2,78.0,25.3,30.9,47.0,51.4,110.2,135.6,0.5,0.7,,,,,80.6,96.3,178.9,319.7,5,9
2026-10-04T04:15:13-07:00,af6790da,pass,1,4.1,21.5,23.3,22.7,28.9,31.1,51.5,71.3,77.2,25.0,25.6,46.5,51.2,115.9,145.2,0.5,0.7,,,,,86.9,93.5,193.1,218.1,5,9
2026-10-04T04:25:59-07:00,94e01826,pass,1,4.84,20.9,27.7,21.2,30.8,34.4,52.2,72.5,81.3,25.2,28.5,45.8,51.6,100.7,122.0,0.5,0.7,,,,,78.9,101.5,181.4,210.8,5,9
2026-10-04T04:34:17-07:00,8e17eea7,pass,1,5.58,21.8,22.6,22.1,32.4,33.4,55.0,73.7,83.3,26.8,28.6,47.2,62.2,100.6,106.1,0.6,0.9,,,,,77.6,81.8,173.4,241.3,5,9
2026-10-04T05:38:35-07:00,a4da5e1c,rerun,3,10.99,40.6,59.9,40.9,48.0,77.6,175.6,102.5,119.6,47.0,64.3,99.8,124.7,271.6,307.1,0.6,2.3,,,cold+shutdown,,89.8,620.7,232.5,464.5,5,9
2026-10-04T05:56:49-07:00,35784d7c,pass,1,9.62,24.4,33.2,26.0,33.4,35.2,58.8,75.3,85.9,30.6,38.0,50.9,65.9,112.4,133.9,0.6,1.7,,,,,84.0,91.9,200.0,222.4,5,9
2026-10-04T06:10:47-07:00,d3cad454,pass,1,4.17,20.4,27.2,21.0,22.8,32.5,57.6,75.6,81.1,26.2,27.1,48.8,52.9,104.1,108.5,0.4,0.6,,,,,77.2,81.4,171.3,185.0,5,9
2026-10-04T06:51:37-07:00,8b804784,pass,1,4.42,21.8,32.7,22.3,27.2,36.7,53.4,76.3,81.5,25.3,35.5,51.9,61.5,117.9,124.6,0.5,0.9,,,,,83.0,88.2,183.1,218.6,5,9
2026-10-04T07:01:23-07:00,701f0ea6,rerun,2,6.12,34.5,41.2,31.6,309.9,67.5,78.4,89.8,97.6,37.5,48.0,103.8,112.5,270.4,281.8,0.6,1.0,,,vault,,82.8,94.8,193.6,214.6,5,9
2026-10-04T07:13:35-07:00,2cba6c51,allowance,1,12.99,34.9,84.4,28.9,37.8,74.6,92.4,90.3,114.3,39.5,44.9,101.5,115.2,293.7,323.9,0.6,1.0,,,cold,cold,85.6,94.1,204.6,229.3,5,9
2026-10-04T07:24:30-07:00,4bae0f74,pass,1,5.75,20.4,45.3,24.0,26.5,38.6,56.2,80.1,84.6,29.9,39.6,59.6,72.3,154.2,183.1,0.5,5.7,,,,,85.7,103.4,193.4,205.0,5,9
2026-10-04T07:40:12-07:00,cc81333d,pass,1,3.13,27.2,37.7,25.6,30.1,37.2,59.0,76.6,89.6,26.1,35.9,54.6,67.6,143.9,175.4,0.5,3.7,,,,,89.0,95.2,197.2,205.4,5,9
2026-10-04T07:49:10-07:00,7d0c9534,rerun,2,4.4,26.1,131.7,32.6,36.9,32.4,57.6,71.8,79.1,32.3,143.9,46.7,83.7,126.5,180.9,0.6,0.8,,,cold,,78.5,83.6,177.9,255.9,5,9
2026-10-04T08:19:18-07:00,78d749cb,pass,1,9.01,24.5,43.5,22.1,27.1,31.7,49.2,71.5,82.0,27.2,31.8,49.6,55.4,130.9,144.6,0.6,1.7,,,,,72.5,77.2,170.8,186.4,5,9
2026-10-04T08:33:16-07:00,b332bfd7,pass,1,3.31,23.5,34.3,22.3,29.5,33.2,55.1,76.0,82.6,26.6,38.2,51.3,78.3,211.3,235.4,0.5,0.8,,,,,84.3,96.7,179.8,194.4,5,9
2026-10-04T08:44:29-07:00,94304c3b,pass,1,5.37,22.6,30.2,22.3,24.6,31.6,53.0,71.9,77.0,25.0,27.2,45.8,64.3,120.7,129.5,0.5,0.7,,,,,76.5,82.7,175.2,184.8,5,9
2026-10-04T09:04:58-07:00,8f79c753,pass,1,8.21,26.6,29.2,26.2,29.6,33.7,50.7,76.7,81.6,30.5,76.8,52.0,96.7,158.4,247.4,0.8,1.0,,,,,83.8,189.1,206.2,320.2,5,9
2026-10-04T09:47:53-07:00,084ccbbb,pass,1,5.55,20.6,26.3,23.0,28.3,35.1,72.9,72.4,99.8,25.7,26.9,49.4,53.5,143.1,179.1,0.6,0.7,,,,,77.0,96.2,173.7,177.2,5,9
2026-10-04T09:59:17-07:00,4c3a7008,pass,1,4.82,21.7,28.8,21.6,27.5,33.9,63.2,71.0,76.4,24.6,28.0,45.8,52.2,119.1,133.3,0.5,0.7,,,,,75.6,87.5,171.2,186.7,5,9
2026-10-04T11:09:23-07:00,802f9135,pass,1,11.82,32.4,39.6,30.5,44.4,45.4,87.1,85.5,99.3,35.6,50.7,67.2,89.9,166.9,234.2,0.7,1.3,,,,,107.4,130.6,269.5,391.9,5,9
2026-10-04T11:44:41-07:00,e27405a2,pass,1,9.19,22.8,33.6,21.7,34.4,34.7,53.9,74.9,81.0,30.2,137.8,53.8,64.6,118.2,151.2,0.5,0.7,,,,,84.6,108.6,171.4,192.8,5,9
2026-10-04T11:56:54-07:00,bb210c2d,pass,1,6.36,29.4,53.0,28.4,34.8,65.6,74.9,88.9,99.4,34.1,39.3,89.9,105.2,270.8,282.4,0.5,0.9,,,,,79.7,91.7,193.1,234.3,5,9
2026-10-04T12:05:06-07:00,452b0b9d,pass,1,7.5,28.4,33.3,32.7,35.4,71.3,80.5,87.7,96.7,34.6,46.5,86.4,99.6,259.7,294.4,0.7,1.0,,,,,83.8,96.2,190.5,213.0,5,9
2026-10-04T13:12:58-07:00,3193f660,allowance,1,6.57,28.8,35.8,31.9,35.9,68.5,96.0,90.8,98.6,37.2,43.5,93.2,250.6,274.5,351.3,0.8,1.6,,,swap,swap,83.7,400.9,207.3,616.5,5,9
2026-10-04T14:03:59-07:00,bddfd407,pass,1,2.25,20.4,27.6,19.9,44.9,33.2,48.0,75.9,77.8,25.7,30.1,50.6,54.7,141.1,155.0,0.4,0.6,,,,,75.7,82.6,168.4,180.0,5,9
2026-10-04T15:10:04-07:00,9bf8ac35,allowance,1,8.52,37.7,76.5,35.3,42.1,73.8,79.7,93.6,109.6,42.4,45.4,93.7,108.7,334.1,347.4,0.8,1.0,,,cold,cold,79.6,89.1,200.6,218.2,5,9
2026-10-04T15:41:51-07:00,d5ff8489,failed,2,9.98,37.2,47.7,42.4,57.5,84.7,150.9,97.1,107.3,43.8,58.1,107.7,116.5,399.2,437.9,0.8,1.5,,,vault+shutdown,shutdown,,,,,,
2026-10-04T16:00:56-07:00,d5ff8489,allowance,1,9.03,35.1,59.5,35.6,38.5,69.7,77.4,90.5,127.6,42.0,54.4,88.7,100.6,337.5,472.6,0.9,2.2,,,cold,cold,85.4,91.1,209.8,273.6,5,9
2026-10-04T16:34:36-07:00,bf36375f,pass,1,8.98,24.2,57.1,28.3,31.9,34.6,57.2,79.7,96.0,31.2,35.5,52.1,59.4,143.5,164.7,0.8,1.4,,,,,105.5,126.4,252.1,293.7,5,9
2026-10-04T16:50:18-07:00,21683c9c,pass,1,6.23,31.1,40.0,30.6,34.0,68.5,75.2,91.5,108.0,36.5,45.0,95.6,126.2,194.7,320.2,0.7,1.0,,,,,85.7,1614.7,185.5,774.9,5,9
2026-10-04T17:02:28-07:00,3829c7ea,pass,1,3.83,21.7,25.1,22.0,34.0,29.4,56.0,77.5,87.4,25.1,26.3,47.5,50.7,146.7,172.6,0.5,0.7,,,,,79.1,139.8,177.3,179.7,5,9
2026-10-04T17:13:41-07:00,250ccd23,allowance,1,4.2,29.9,93.6,29.4,42.4,68.1,135.7,78.5,100.0,33.9,41.7,89.9,98.2,171.7,342.2,0.6,1.2,,,cold+shutdown,cold+shutdown,78.3,309.1,181.6,264.1,5,9
2026-10-04T17:22:22-07:00,14bcce94,pass,1,4.17,22.4,28.8,26.0,27.5,33.5,46.1,76.4,81.5,26.4,31.0,52.5,81.1,161.8,194.2,0.7,1.2,,,,,80.9,270.4,184.8,226.7,5,9
2026-10-04T17:44:30-07:00,d5a4b808,pass,1,4.48,22.0,36.0,22.6,36.9,36.6,64.2,85.7,94.3,27.8,37.0,50.1,54.0,171.0,180.3,0.6,0.8,,,,,72.2,90.2,176.6,185.1,5,9
2026-10-04T18:25:09-07:00,d56f3bc0,rerun,2,5.39,26.2,34.1,28.8,59.1,74.9,103.5,87.6,98.3,36.4,51.8,61.8,68.6,161.1,181.0,0.9,1.6,,,vault,,74.9,78.7,175.9,403.0,5,9
2026-10-04T19:07:18-07:00,0c9edcc2,pass,1,1.92,21.2,22.1,22.0,31.1,33.7,50.1,70.3,77.8,25.5,26.7,53.8,59.1,156.4,162.2,0.5,0.6,,,,,80.1,86.5,176.5,183.2,5,9
2026-10-04T19:42:58-07:00,3085f71a,pass,1,2.35,23.9,26.1,23.9,29.8,34.1,43.9,72.6,78.6,26.5,27.9,54.2,61.0,147.3,218.2,0.6,0.7,,,,,81.1,88.4,180.8,190.2,5,9
2026-10-04T20:17:16-07:00,3c85ecee,pass,1,2.22,23.1,27.1,22.7,24.9,33.1,50.8,72.8,80.4,27.5,28.6,50.6,68.0,146.8,174.7,0.6,1.2,,,,,78.3,81.7,169.4,262.2,5,9
2026-10-04T21:04:31-07:00,645769d2,pass,1,2.14,20.7,24.4,21.2,21.8,31.7,48.4,70.6,78.0,25.8,30.7,48.3,51.5,140.3,150.6,0.5,0.5,,,,,75.0,84.2,164.2,181.3,5,9
2026-10-04T21:31:24-07:00,e6378de8,pass,1,2.69,20.8,23.1,20.8,26.8,53.5,66.7,74.5,87.9,32.1,37.1,61.0,82.7,139.2,155.8,0.5,0.7,,,,,76.7,79.9,153.5,172.5,5,9
2026-10-04T21:42:50-07:00,42a8222f,pass,1,1.99,21.1,26.9,21.2,23.1,30.5,43.7,70.9,80.5,25.3,26.5,49.9,58.5,144.3,149.1,0.5,0.8,,,,,74.6,83.2,166.6,169.3,5,9
2026-10-04T22:39:08-07:00,23fb7f37,pass,1,2.44,21.2,23.9,22.1,24.4,35.7,44.6,72.3,107.5,25.6,26.5,47.5,51.6,150.3,222.5,0.5,1.4,,,,,74.3,77.7,153.9,169.2,5,9
2026-10-04T22:49:27-07:00,7ad8a8bd,pass,1,2.94,22.5,37.7,24.4,31.8,29.8,41.7,76.4,95.0,25.7,29.4,73.4,92.6,142.8,159.7,0.5,0.8,,,,,76.1,83.8,159.0,173.5,5,9
2026-10-04T23:52:25-07:00,e6f90af3,pass,1,1.88,23.9,29.7,22.8,30.9,31.2,45.8,76.8,78.5,27.6,35.4,62.0,85.7,147.5,150.1,0.6,1.1,,,,,76.5,113.3,158.9,166.5,5,9
2026-10-05T01:10:35-07:00,80ef1dea,pass,1,1.96,20.4,35.4,20.7,22.3,29.8,39.7,74.7,76.4,23.7,24.9,45.0,62.2,137.0,145.8,0.5,1.1,,,,,74.3,84.8,154.0,161.9,5,9
2026-10-05T01:22:08-07:00,0ade7d68,pass,1,2.36,21.8,33.9,21.8,23.1,32.2,42.6,72.5,79.1,25.1,27.3,46.3,48.5,137.6,149.6,0.5,1.1,,,,,74.6,83.4,166.4,174.4,5,9
2026-10-05T02:09:29-07:00,faaa9df6,pass,1,2.15,20.9,22.5,21.4,23.7,32.6,45.6,77.7,96.7,24.9,26.2,45.6,53.6,141.6,152.0,0.5,0.9,,,,,75.4,81.0,157.3,173.6,5,9
2026-10-05T02:23:47-07:00,198e2229,pass,1,2.33,22.8,26.6,22.3,27.2,32.9,40.8,76.6,78.5,27.5,32.5,49.8,56.4,140.8,157.2,0.6,0.8,,,,,73.0,82.3,157.9,167.4,5,9
2026-10-05T02:35:53-07:00,a9442c81,pass,1,3.55,20.8,24.3,22.1,31.2,71.0,80.5,73.4,87.6,41.2,45.9,87.1,109.5,141.7,160.8,0.5,0.8,,,,,73.9,92.9,157.2,168.7,5,9
2026-10-05T03:00:04-07:00,dca30347,pass,1,2.69,21.6,22.7,21.9,25.6,33.0,48.5,75.9,98.6,26.4,27.3,49.6,55.6,168.6,350.5,0.4,0.6,,,,,75.6,86.2,158.2,186.1,5,9
2026-10-05T03:49:12-07:00,fd9235d0,pass,1,2.64,21.9,29.5,22.7,27.4,33.2,47.2,76.7,80.4,25.5,26.3,46.4,55.0,138.0,150.9,0.5,0.6,,,,,75.8,81.9,159.2,168.4,5,9
2026-10-05T03:57:36-07:00,62de744f,pass,1,2.35,20.2,21.0,22.4,35.4,32.7,51.4,72.4,84.2,26.6,27.4,49.1,51.9,136.0,140.4,0.5,1.1,,,,,77.6,102.2,164.8,172.1,5,9
2026-10-05T04:43:04-07:00,23f132f7,pass,1,2.23,21.3,31.4,21.4,24.4,31.8,55.9,72.1,78.3,25.1,25.7,47.1,62.4,143.5,162.9,0.5,0.8,,,,,76.0,80.7,152.3,211.2,5,9
2026-10-05T04:53:14-07:00,ef37f325,pass,1,2.54,20.6,21.9,21.1,30.0,30.6,56.1,76.2,82.1,25.3,27.0,47.1,55.1,129.6,161.7,0.5,0.6,,,,,74.0,87.6,152.9,165.7,5,9
2026-10-05T05:11:18-07:00,b07150d6,pass,1,2.73,21.6,27.4,21.0,23.0,33.6,45.7,76.1,83.6,26.9,42.6,46.7,61.6,121.1,311.3,0.5,0.6,,,,,78.8,83.3,156.7,177.5,5,9
2026-10-05T05:29:01-07:00,1a08a40e,failed,2,3.15,21.2,310.9,22.7,26.7,33.5,78.2,74.7,79.2,26.0,31.5,48.3,60.0,145.5,160.0,0.5,0.7,,,cold,shutdown+swap,,,,,,
2026-10-05T05:47:44-07:00,1a08a40e,pass,1,2.89,21.9,22.8,22.2,23.7,34.0,48.8,72.0,78.8,25.8,27.7,47.2,54.4,131.8,149.1,0.5,0.7,,,,,77.2,82.8,156.2,167.6,5,9
2026-10-05T06:40:04-07:00,62ec4199,pass,1,2.21,21.5,27.2,23.4,29.6,32.1,51.1,76.9,81.6,30.7,32.2,48.0,57.3,139.5,148.3,0.5,0.9,,,,,75.1,83.3,154.0,157.5,5,9
2026-10-05T07:15:22-07:00,3dba509d,pass,1,2.15,20.3,20.9,19.9,43.6,34.4,54.9,75.9,78.8,24.2,26.1,49.4,53.7,131.9,140.9,0.4,0.5,,,,,74.2,124.1,149.2,154.8,5,9
2026-10-05T08:16:31-07:00,38bb2924,pass,1,9.46,31.8,37.5,31.5,34.3,35.7,53.0,81.2,83.6,35.1,37.6,57.4,61.6,161.6,175.0,1.1,1.4,,,,,86.4,102.3,196.4,208.6,5,9
2026-10-05T08:32:26-07:00,0a94e361,pass,1,3.44,22.4,27.4,22.8,29.1,32.2,51.1,73.2,78.1,26.0,30.4,47.5,53.1,147.2,156.3,0.6,1.0,,,,,78.4,83.0,142.5,329.3,5,9
2026-10-05T08:44:30-07:00,fb90df75,pass,1,3.28,21.9,25.4,22.3,35.7,32.5,52.2,73.6,77.4,26.2,30.9,50.8,61.0,134.2,155.6,0.6,0.7,,,,,72.4,80.0,149.3,152.9,5,9
2026-10-05T08:56:18-07:00,60d2d6c3,pass,1,2.72,25.4,35.6,23.3,30.0,32.1,48.0,73.5,78.1,26.7,28.2,47.6,51.2,140.3,148.8,0.6,1.1,,,,,77.2,83.8,151.4,160.7,5,9
2026-10-05T09:13:23-07:00,d8ac9b54,pass,1,3.0,22.6,29.9,25.4,29.5,35.4,50.5,71.0,78.6,26.6,29.9,52.3,95.4,141.9,152.2,0.5,0.9,,,,,81.4,86.6,160.8,182.6,5,9
2026-10-05T09:24:21-07:00,d50e6f2f,pass,1,3.53,22.8,25.0,24.0,30.4,35.4,53.8,77.5,97.9,30.2,31.0,53.2,56.0,137.4,140.4,0.5,0.8,,,,,80.3,90.1,154.1,172.0,5,9
2026-10-05T11:46:37-07:00,319b95b0,pass,1,1.89,23.0,31.2,23.1,31.5,30.8,48.3,75.4,79.7,26.5,34.8,46.4,49.3,135.3,138.4,0.6,0.7,,,,,75.0,80.8,150.8,163.9,5,9
2026-10-05T12:01:47-07:00,4d7cd561,pass,1,2.15,23.7,40.7,24.5,30.5,35.3,54.9,76.6,80.6,28.1,38.9,49.6,66.2,132.0,315.3,0.7,1.7,,,,,81.3,91.6,155.8,164.2,5,9
2026-10-05T12:31:31-07:00,19a768a3,pass,1,3.43,24.9,26.7,24.1,45.9,35.5,54.7,80.1,98.3,28.6,32.6,49.4,68.5,188.0,365.8,0.5,0.8,,,,,78.3,87.1,161.2,168.8,5,9
2026-10-05T12:59:30-07:00,60b43fb6,pass,1,2.38,25.0,29.3,27.2,34.4,36.1,56.5,77.2,86.8,28.4,34.8,50.2,59.1,153.7,326.4,0.7,1.2,,,,,76.8,92.7,164.6,194.6,5,9
2026-10-05T13:29:02-07:00,60dd55e0,pass,1,3.28,22.3,22.9,21.8,23.5,32.2,48.6,75.8,77.7,25.8,29.0,45.5,49.2,137.9,150.1,0.5,0.6,,,,,72.5,79.9,152.7,161.1,5,9
2026-10-05T14:05:25-07:00,c9d000d7,pass,1,3.46,21.9,32.7,22.5,23.1,31.4,47.8,73.4,77.4,26.4,36.6,45.9,52.9,134.8,162.2,0.5,1.1,,,,,74.5,81.0,154.1,171.8,5,9
2026-10-05T14:20:44-07:00,ae1202af,pass,1,3.12,21.8,25.9,21.8,27.5,32.3,49.5,76.8,89.0,25.7,29.8,47.7,58.5,139.2,147.7,0.5,0.8,,,,,73.9,78.3,149.7,161.8,5,9
2026-10-05T14:33:25-07:00,c4f79e9f,pass,1,2.56,20.9,29.6,22.0,36.4,33.6,56.5,72.0,79.0,27.9,31.9,49.5,57.2,134.0,148.9,0.5,0.7,,,,,74.5,88.3,151.2,155.1,5,9
2026-10-05T19:05:30-07:00,85862603,rerun,2,5.03,29.3,35.9,53.2,63.5,36.9,54.8,78.8,80.8,32.9,34.0,53.3,58.7,155.3,221.7,0.9,1.2,,,vault,,90.0,141.2,185.1,204.3,5,9
2026-10-05T19:18:08-07:00,4a449460,pass,1,3.8,29.8,36.6,28.6,38.1,37.5,54.5,81.0,119.3,32.6,43.6,51.7,55.3,157.8,199.4,1.0,1.4,,,,,80.0,133.7,167.0,186.8,5,9
2026-10-05T20:31:37-07:00,118b8291,pass,1,3.45,27.7,29.6,31.8,38.3,34.1,49.1,79.6,82.5,32.5,38.6,52.6,59.1,151.2,160.2,0.8,1.7,,,,,82.6,86.6,178.1,226.9,5,9
2026-10-05T20:41:43-07:00,acf26214,pass,1,3.16,25.8,31.3,25.2,26.9,36.7,55.0,79.9,82.7,30.1,31.2,50.5,56.3,145.8,152.6,0.7,1.0,,,,,78.0,99.5,161.8,174.5,5,9
2026-10-05T23:08:12-07:00,57fdfd96,pass,1,3.22,23.0,23.6,24.1,24.9,35.6,50.6,77.4,79.1,26.9,34.1,48.4,62.5,140.4,155.0,0.5,1.2,,,,,73.5,82.3,158.7,169.7,5,9
2026-10-05T23:37:36-07:00,591259fe,pass,1,3.66,21.6,23.8,22.0,23.6,31.5,50.7,74.7,79.2,25.6,39.1,47.8,64.8,144.4,162.1,0.4,1.1,,,,,75.4,94.9,155.6,180.7,5,9
2026-10-05T23:58:44-07:00,8ea6669e,pass,1,4.09,21.7,31.3,22.0,22.7,33.1,77.7,71.9,79.1,26.3,32.8,48.2,50.4,133.7,135.0,0.5,0.6,,,,,77.0,80.7,153.6,163.7,5,9
2026-10-06T00:21:13-07:00,c44dce47,pass,1,3.87,21.4,25.4,21.6,29.3,30.5,47.7,71.4,78.5,25.1,32.2,47.7,54.1,133.4,147.7,0.4,0.7,,,,,73.1,78.1,150.1,173.4,5,9
2026-10-06T00:39:44-07:00,c07bbe6a,pass,1,7.16,23.6,29.6,22.6,32.0,35.5,53.5,75.3,80.8,27.4,31.9,49.8,66.2,144.5,152.7,0.6,0.9,,,,,80.6,92.6,173.5,222.6,5,9
2026-10-06T01:13:09-07:00,9a7faa87,pass,1,3.64,22.2,26.1,22.8,25.1,59.0,73.6,72.4,86.9,30.1,43.0,48.4,53.6,135.8,147.9,0.4,0.6,,,,,76.0,94.9,161.8,171.9,5,9
2026-10-06T01:21:57-07:00,fc96e2da,pass,1,3.46,22.1,35.7,29.4,38.3,32.4,50.4,71.1,76.3,26.1,30.1,46.4,49.8,134.4,166.9,0.5,0.8,,,,,73.1,78.5,153.1,167.7,5,9
2026-10-06T01:40:27-07:00,fdb592b1,pass,1,3.69,23.2,32.9,26.4,32.6,32.1,51.9,74.5,80.1,26.4,27.5,47.3,49.8,139.5,181.9,0.5,0.7,,,,,75.2,100.5,153.5,176.5,5,9
2026-10-06T09:11:11-07:00,79be3213,pass,1,3.28,25.0,32.2,24.5,34.0,36.8,50.4,77.3,81.3,29.0,36.1,51.4,60.9,141.4,150.2,0.7,1.0,,,,,76.8,87.4,157.9,177.1,5,9
2026-10-06T09:36:52-07:00,f33f0eca,pass,1,3.72,27.5,37.0,26.4,30.2,34.6,49.2,77.0,89.6,28.8,35.4,52.7,63.1,148.8,165.4,0.6,1.4,,,,,83.0,91.0,164.6,169.7,5,9
2026-10-06T09:58:15-07:00,21bf5454,pass,1,3.6,25.2,37.0,24.0,26.7,34.0,49.8,72.9,82.1,29.7,33.4,48.3,58.5,144.5,149.6,0.6,0.8,,,,,74.9,84.5,157.5,212.4,5,9
2026-10-06T10:32:02-07:00,2b342594,pass,1,4.48,21.9,30.3,25.3,27.4,33.7,48.4,76.0,96.0,26.2,27.1,46.2,52.6,133.1,141.4,0.5,0.7,,,,,75.6,90.6,147.5,168.3,5,9
2026-10-06T10:42:42-07:00,bd3eb769,pass,1,3.25,22.7,28.4,21.6,27.6,32.1,54.0,75.0,77.7,24.6,35.5,45.2,54.2,132.4,151.4,0.5,1.1,,,,,74.0,87.0,156.2,165.6,5,9
2026-10-06T10:53:38-07:00,25b0578f,pass,1,3.3,21.9,23.4,21.9,29.5,32.0,49.3,76.0,80.7,26.2,35.8,46.9,52.4,136.2,171.0,0.5,0.7,,,,,76.5,87.4,158.9,184.4,5,9
2026-10-06T11:06:37-07:00,6496ce34,pass,1,4.3,24.5,44.0,27.2,36.8,49.8,63.0,78.2,88.8,29.4,35.9,78.8,149.3,204.8,226.9,0.5,0.6,,,,,78.9,90.0,153.1,166.2,5,9
2026-10-06T11:19:28-07:00,d28bfc4b,pass,1,4.04,22.6,24.1,22.9,29.7,34.5,53.1,76.0,764.5,30.4,33.1,51.6,67.5,143.4,159.3,0.5,0.9,,,,,81.5,86.8,160.3,172.8,5,9
2026-10-06T11:31:10-07:00,2bf9e7d3,rerun,2,4.37,23.1,33.0,22.6,25.1,39.3,343.5,74.9,78.4,27.3,36.8,51.1,54.2,138.8,216.0,0.5,1.2,,,shutdown,,75.7,90.9,156.9,184.6,5,9
2026-10-06T11:58:37-07:00,d279767f,pass,1,3.4,22.7,29.5,23.7,27.5,33.8,52.6,73.4,79.2,26.8,28.1,49.0,51.2,233.1,271.8,0.5,0.6,101.2,110.4,,,76.8,81.4,158.7,491.5,5,9
2026-10-06T12:43:18-07:00,f589d9cb,pass,1,3.16,21.6,22.4,22.4,22.8,31.4,49.1,71.6,78.9,26.1,33.0,46.2,53.9,231.2,254.4,0.4,0.5,98.2,105.2,,,71.7,240.2,163.8,172.6,5,9
2026-10-06T13:44:26-07:00,ceba1520,failed,2,4.52,26.0,31.9,29.7,35.1,34.1,51.8,78.9,91.1,32.5,464.1,52.2,61.7,236.3,248.0,0.6,0.9,101.6,107.3,kill,vault+swap,,,,,,
2026-10-06T13:55:38-07:00,ceba1520,pass,1,4.34,25.5,27.7,24.9,26.0,37.0,49.7,78.4,91.5,29.4,33.1,53.4,60.7,248.1,287.0,0.6,0.8,104.5,122.3,,,77.9,90.0,160.2,182.7,5,9
