arm,pair,cold_p50,cold_p95,vault_p50,vault_p95,shutdown_p50,shutdown_p95,kill_p50,kill_p95,swap_p50,swap_p95,restore_p50,restore_p95,serving_p50,missed
base,1,22.48,55.15,25.43,30.71,70.94,91.08,68.85,70.03,87.94,120.81,116.65,182.86,36.041,
base,2,27.38,33.51,27.53,30.3,45.26,51.36,44.17,51.31,55.94,68.05,120.57,128.95,23.022,
base,3,24.37,25.94,26.11,28.6,47.06,60.03,47.78,64.69,60.67,74.82,125.46,139.33,22.412,
base,4,37.74,46.72,31.82,51.68,49.54,121.47,43.29,53.26,57.9,122.87,116.77,174.11,28.793,shutdown
base,5,48.82,79.13,45.95,70.38,99.62,143.27,83.74,119.64,131.21,165.41,203.03,373.17,58.094,cold+vault+shutdown
base,6,24.05,30.27,24.33,26.47,48.92,157.93,42.98,44.21,55.09,71.03,114.49,130.57,21.387,shutdown
base,7,24.47,70.98,31.19,45.71,49.06,72.53,43.62,49.35,64.28,88.88,114.99,122.91,28.301,cold
base,8,27.17,31.53,24.62,27.81,43.62,51.06,46.37,49.46,60.57,73.8,118.28,121.79,22.759,
base,9,26.68,32.48,27.98,30.92,41.71,58.14,40.75,46.56,50.96,65.02,110.97,222.83,23.335,
base,10,23.93,28.07,24.71,26.61,44.82,86.16,43.47,48.14,58.93,69.41,117.6,130.43,22.941,
opt2,1,20.57,23.97,21.47,24.45,42.22,120.99,37.53,39.77,52.37,66.52,104.22,111.5,20.908,shutdown
opt2,2,21.52,23.72,21.47,28.44,42.44,52.79,39.67,45.73,53.23,67.44,104.12,108.15,19.333,
opt2,3,28.88,49.18,22.65,24.11,62.74,249.3,57.09,69.14,79.58,284.71,163.44,197.34,31.706,shutdown+swap
opt2,4,20.75,22.09,20.8,23.66,54.59,84.81,107.17,164.66,158.07,262.37,288.34,380.24,22.401,swap
opt2,5,41.07,74.57,33.82,63.93,84.33,174.87,106.61,143.37,172.06,234.65,284.48,445.6,46.469,cold+vault+shutdown+swap
opt2,6,20.9,26.65,21.4,22.28,41.76,49.46,38.64,41.83,51.61,65.27,101.54,110.64,18.813,
opt2,7,21.27,31.33,21.24,24.31,41.94,49.02,38.6,42.55,53.01,68.97,107.36,141.57,18.814,
opt2,8,23.54,42.46,22.77,31.13,41.97,49.31,38.04,51.83,54.12,68.24,111.53,126.11,20.878,
opt2,9,22.74,32.69,22.82,27.79,43.4,123.0,40.44,48.14,53.13,81.04,104.29,112.72,20.561,shutdown
opt2,10,21.87,29.68,21.53,27.09,41.97,50.79,38.88,43.29,54.28,68.41,104.09,124.32,22.295,
