item,family,half,bm25_entity,vector,w1,w1_5,w2,w3,w4,w6
fact-1,fact,held-in,17,1,3,1,1,1,1,1
fact-2,fact,held-in,13,2,7,6,5,3,3,2
preference-1,preference,held-in,1,1,1,1,1,1,1,1
preference-2,preference,held-in,13,1,3,1,1,1,1,1
decision-1,decision,held-in,26,2,5,4,3,3,3,2
decision-2,decision,held-in,-,76,-,-,99,88,88,83
procedure-1,procedure,held-in,1,1,1,1,1,1,1,1
procedure-2,procedure,held-in,2,1,1,1,1,1,1,1
episode-1,episode,held-in,1 46,23 1,1 6,1 2,2 1,5 1,10 1,15 1
episode-2,episode,held-in,3,3,3,3,3,3,3,3
superseded-1,superseded,held-in,1 4,1 10,1 2,1 2,1 2,1 2,1 2,1 2
superseded-2,superseded,held-in,1 2,1 2,1 2,1 2,1 2,1 2,1 2,1 2
private-1,private,held-in,1,1,1,1,1,1,1,1
private-2,private,held-in,1,1,1,1,1,1,1,1
injection-2,injection,held-in,3,4,3,3,3,3,3,3
injection-5,injection,held-in,1,1,1,1,1,1,1,1
distractor-1,distractor,held-in,1,1,1,1,1,1,1,1
distractor-2,distractor,held-in,1,1,1,1,1,1,1,1
paraphrase-1,paraphrase,held-in,-,2,19,15,12,7,5,3
paraphrase-2,paraphrase,held-in,-,1,4,4,4,1,1,1
paraphrase-3,paraphrase,held-in,-,1,6,4,4,3,3,2
paraphrase-4,paraphrase,held-in,-,66,-,98,86,75,73,73
scale-1,scale,held-in,1,27,12,16,16,18,20,22
scale-2,scale,held-in,17,1,8,6,5,4,3,3
scale-3,scale,held-in,82,64,65,65,65,65,65,65
scale-4,scale,held-in,-,57,81,81,76,70,66,65
time-1,time,held-in,29,5,16,14,13,9,7,6
time-2,time,held-in,-,22,44,42,35,26,23,22
time-3,time,held-in,-,22,45,39,35,30,28,25
time-4,time,held-in,2 -,2 23,2 30,2 27,2 26,2 24,2 24,2 24
tool-output-1,tool_output,held-in,-,3,13,8,6,3,3,3
tool-output-2,tool_output,held-in,-,40,85,80,72,58,54,49
tool-output-3,tool_output,held-in,22,2,2,2,2,2,2,2
tool-output-4,tool_output,held-in,-,-,-,-,-,-,-,-
fact-3,fact,held-out,2,3,2,,,,,2
fact-4,fact,held-out,1,1,1,,,,,1
preference-3,preference,held-out,3,-,7,,,,,72
preference-4,preference,held-out,21,24,7,,,,,15
decision-3,decision,held-out,1,1,1,,,,,1
decision-4,decision,held-out,-,2,19,,,,,5
procedure-3,procedure,held-out,1,1,1,,,,,1
procedure-4,procedure,held-out,1,1,1,,,,,1
episode-3,episode,held-out,2,2,2,,,,,2
episode-4,episode,held-out,- 2,- 2,- 2,,,,,- 2
superseded-3,superseded,held-out,1 24,1 3,1 3,,,,,1 3
superseded-4,superseded,held-out,1 2,2 1,1 2,,,,,2 1
private-3,private,held-out,1,1,1,,,,,1
private-4,private,held-out,1,1,1,,,,,1
injection-3,injection,held-out,19,2,3,,,,,3
injection-4,injection,held-out,3,2,3,,,,,2
distractor-3,distractor,held-out,1,1,1,,,,,1
distractor-4,distractor,held-out,2,1,1,,,,,1
paraphrase-5,paraphrase,held-out,15,3,2,,,,,2
paraphrase-6,paraphrase,held-out,-,3,33,,,,,3
paraphrase-7,paraphrase,held-out,-,7,19,,,,,7
paraphrase-8,paraphrase,held-out,-,1,12,,,,,3
scale-5,scale,held-out,18,5,12,,,,,5
scale-6,scale,held-out,17,1,7,,,,,2
scale-7,scale,held-out,39,22,37,,,,,26
scale-8,scale,held-out,17,75,29,,,,,53
time-5,time,held-out,94,21,28,,,,,22
time-6,time,held-out,-,41,54,,,,,43
time-7,time,held-out,23,19,19,,,,,19
time-8,time,held-out,39,47,39,,,,,39
tool-output-5,tool_output,held-out,-,-,-,,,,,-
tool-output-6,tool_output,held-out,-,4,15,,,,,5
tool-output-7,tool_output,held-out,2,2,2,,,,,2
tool-output-8,tool_output,held-out,-,-,-,,,,,-
