engine,threads,pass,tokens,median_ms,fastest_ms,p95_ms,n,cpu_ms,load_avg
candle,1,first,16,91.2,87.1,98.1,10,91.0,4.25
candle,1,first,128,364.2,352.4,382.3,10,363.0,3.99
candle,1,first,512,1642.3,1606.8,1812.8,10,1664.0,3.61
candle,1,repeat,16,87.0,81.5,97.2,10,88.0,3.92
candle,1,repeat,128,351.2,348.1,355.7,10,351.0,3.77
candle,1,repeat,512,1605.7,1581.7,1744.2,10,1619.0,3.06
candle,2,first,16,72.2,66.5,93.8,10,123.0,4.18
candle,2,first,128,320.2,271.1,523.5,10,551.0,4.18
candle,2,first,512,1594.2,1104.5,2906.1,10,2524.0,5.38
candle,4,first,16,82.2,76.4,91.4,10,200.0,2.05
candle,4,first,128,224.4,217.4,236.3,10,546.0,2.29
candle,4,first,512,1013.4,850.1,1098.4,10,2448.0,2.94
candle,4,repeat,16,69.5,68.1,74.2,10,182.0,2.99
candle,4,repeat,128,214.7,197.9,296.7,10,554.0,3.39
candle,4,repeat,512,755.3,739.9,780.2,10,1943.0,3.52
candle,8,first,16,139.8,133.5,151.8,10,432.0,7.47
candle,8,first,128,354.9,332.4,401.5,10,1094.0,7.47
candle,8,first,512,882.4,828.9,967.5,10,3060.0,8.03
tract,1,first,16,86.0,82.4,89.4,10,85.0,3.61
tract,1,first,128,461.0,448.5,487.9,10,465.0,3.4
tract,1,first,512,2343.3,2269.6,2433.1,10,2345.0,2.59
tract,1,repeat,16,84.1,82.4,87.7,10,85.0,5.27
tract,1,repeat,128,490.5,458.4,516.1,10,488.0,4.93
tract,1,repeat,512,2285.1,2154.2,2516.1,10,2286.0,3.92
tract,2,first,16,115.9,70.9,467.8,10,159.0,5.51
tract,2,first,128,315.2,284.3,436.4,10,511.0,6.59
tract,2,first,512,1357.4,1273.2,1461.7,10,2231.0,6.98
tract,4,first,16,70.7,66.5,74.7,10,166.0,3.1
tract,4,first,128,268.2,234.8,410.3,10,626.0,3.1
tract,4,first,512,1152.1,877.0,1311.0,10,2681.0,3.09
tract,4,repeat,16,50.7,49.2,53.5,10,126.0,3.06
tract,4,repeat,128,217.0,212.2,269.2,10,547.0,2.89
tract,4,repeat,512,867.4,845.5,913.5,10,2172.0,2.99
tract,8,first,16,92.4,82.2,96.9,10,297.0,8.03
tract,8,first,128,407.6,380.5,466.1,10,1255.0,8.11
tract,8,first,512,841.1,815.4,884.7,10,2904.0,7.89
