smoke,probe,kind,salience,value_kind,carrier,planned,bucket,turn,stored_strict,today_strict,today_retracted
R11,p001,direct,incidental,port,aside,supersession,supersession,27,False,False,True
R11,p002,indirect,incidental,ticket,error,days,days,21,True,True,True
R11,p003,abstention,central,version,topic,days,days,29,False,True,True
R11,p004,direct,central,host,topic,days,days,18,True,True,True
R11,p005,direct,incidental,ticket,error,compaction,compaction,12,True,True,True
R11,p006,abstention,incidental,ticket,remark,near,near,19,True,True,True
R11,p007,direct,incidental,path,remark,near,near,24,True,True,True
R11,p008,indirect,central,ticket,topic,topic_shift,topic_shift,6,True,True,True
R16,p001,direct,incidental,port,aside,supersession,supersession,27,True,True,True
R16,p002,indirect,incidental,ticket,error,days,days,21,False,False,False
R16,p003,abstention,central,version,topic,days,days,29,True,True,True
R16,p004,direct,central,host,topic,days,days,18,True,True,True
R16,p005,direct,incidental,ticket,error,compaction,compaction,12,True,True,True
R16,p006,abstention,incidental,ticket,remark,near,compaction,19,False,False,False
R16,p007,direct,incidental,path,remark,near,near,24,True,True,True
R16,p008,indirect,central,ticket,topic,topic_shift,topic_shift,6,True,True,True
R25,p001,direct,incidental,port,aside,supersession,supersession,27,False,False,False
R25,p002,indirect,incidental,ticket,error,days,days,21,False,False,False
R25,p003,abstention,central,version,topic,days,days,29,True,True,True
R25,p004,direct,central,host,topic,days,days,18,True,True,True
R25,p005,direct,incidental,ticket,error,compaction,compaction,12,True,True,True
R25,p006,abstention,incidental,ticket,remark,near,compaction,19,False,False,False
R25,p007,direct,incidental,path,remark,near,near,24,True,True,True
R25,p008,indirect,central,ticket,topic,topic_shift,topic_shift,6,True,True,True
